{
  "generated_at": "2025-12-31T09:15:20.348208Z",
  "snapshots_dir": [
    "reports\\odds_api_io_snapshots_pinnacle",
    "reports\\odds_api_io_snapshots_pinny_bookmaker",
    "reports\\odds_api_io_snapshots_pinny_betonline",
    "reports\\odds_api_io_snapshots_pinny_circa2"
  ],
  "markets": [
    "ML",
    "Spread",
    "Totals"
  ],
  "weights": {
    "BetOnline.ag": 0.062202,
    "BookMaker.eu": 0.058349,
    "Circa": 0.024046,
    "Pinnacle": 0.855403
  },
  "book_stats": {
    "BetOnline.ag": {
      "observations": 54,
      "avg_abs_diff": 0.0051241835466922184,
      "avg_overround": 0.04430580733087241,
      "score": 32360.632388612103
    },
    "BookMaker.eu": {
      "observations": 98,
      "avg_abs_diff": 0.006923830681710888,
      "avg_overround": 0.04709240123911143,
      "score": 30355.949462428045
    },
    "Circa": {
      "observations": 120,
      "avg_abs_diff": 0.019102265404285012,
      "avg_overround": 0.04583799304312664,
      "score": 12509.73024336082
    },
    "Pinnacle": {
      "observations": 1200,
      "avg_abs_diff": 0.00234751979593919,
      "avg_overround": 0.03314381935010139,
      "score": 445021.2419958726
    }
  }
}