{
  "generated_at": "2025-12-31T10:43:57.697914Z",
  "source": "odds_api_io_snapshots + event_results_aligned.csv",
  "weights": {
    "BetOnline.ag": 0.159756,
    "BookMaker.eu": 0.16867,
    "Circa": 0.291082,
    "Pinnacle": 0.380491
  },
  "details": {
    "BetOnline.ag": {
      "observations": 29,
      "brier": 0.4038204653182142,
      "logloss": 1.0602941117643145,
      "score": 5.0789349316433805
    },
    "BookMaker.eu": {
      "observations": 31,
      "brier": 0.3930369702307297,
      "logloss": 1.038310715987971,
      "score": 5.362329668503772
    },
    "Circa": {
      "observations": 80,
      "brier": 0.36484878524114983,
      "logloss": 0.9665303073675908,
      "score": 9.254000451476244
    },
    "Pinnacle": {
      "observations": 144,
      "brier": 0.3737990135710223,
      "logloss": 0.992023886902986,
      "score": 12.096482903618877
    }
  },
  "coverage": {
    "events_scored": 32,
    "observations": 284
  }
}